﻿"SDO_ID","SDO_Name","Geogr_Laenge","Geogr_Breite","Hoehe_ueber_NN","Metadata_Link"
"4271","Rostock-Warnemünde","12,0808","54,1803","5.0","https://cdc.dwd.de/rest/metadata/station/html/812300076199"
"5100","Trier-Petrisberg","6,6583","49,7479","261.0","https://cdc.dwd.de/rest/metadata/station/html/812300228391"
"232","Augsburg","10,9417","48,4253","462.0","https://cdc.dwd.de/rest/metadata/station/html/812300255207"
"2667","Köln/Bonn","7,1575","50,8645","92.0","https://cdc.dwd.de/rest/metadata/station/html/812300345063"
"1684","Görlitz","14,9506","51,1621","238.0","https://cdc.dwd.de/rest/metadata/station/html/812300449895"
"3126","Magdeburg","11,5827","52,1029","79.0","https://cdc.dwd.de/rest/metadata/station/html/812300702503"
